University,intCol2018,intCol2017,intCol2016,acaCol2018,acaCol2017,acaCol2016,pub2018,pub2017,pub2016,cit2018,cit2017,cit2016,fwCitImp2018,fwCitImp2017,fwCitImp2016,pubTCP2018,pubTCP2017,pubTCP2016,pubTJP2018,pubTJP2017,pubTJP2016,citPP2018,citPP2017,citPP2016,authors2018,authors2017,authors2016,citPA2018,citPA2017,citPA2016,pubPA2018,pubPA2017,pubPA2016,h5Index,class
"Massachusetts Institute of Technology",50.7,49.8,48.9,8.7,8.3,8.9,9451,9208,9144,54983,123494,195143,2.18,2.38,2.58,27.2,30.6,32.6,51.6,54.3,55.6,5.8,13.4,21.3,9298,9273,8894,5.913422241,13.3175887,21.94097144,1.016455152,0.992990402,1.028108837,239,1
"Stanford University",42,41.7,40.9,7.2,6.7,7.3,14677,14129,13602,89118,193959,289786,2.54,2.52,2.82,26.5,29,29.5,48.6,51.1,51.2,6.1,13.7,21.3,14423,13529,12821,6.178880954,14.33653633,22.60244911,1.017610761,1.044349176,1.060915685,289,1
"Harvard University",46.1,44.5,43.7,5.8,5.6,5.7,31348,30920,30060,169151,377920,567756,2.19,2.34,2.4,24.4,28.2,29.3,45.7,48.5,50,5.4,12.2,18.9,30949,29999,29330,5.46547546,12.59775326,19.3575179,1.012892177,1.030701023,1.024889192,340,1
"University of Oxford",60.7,58.9,57.8,6.4,6.1,6.2,14890,14487,13930,72619,154285,250542,2.09,2.25,2.49,23.3,25.3,27.2,46.1,48.2,47.8,4.9,10.6,18,12816,12484,12053,5.666276529,12.35861903,20.78669211,1.161828964,1.16044537,1.155728864,254,1
"California Institute of Technology",53,52.4,53,6,5.5,5.6,4866,4548,4540,30055,65026,101056,2.05,2.31,2.36,28.9,35.4,32.8,45.3,47.7,52.6,6.2,14.3,22.3,4616,4263,4108,6.511048527,15.25357729,24.59980526,1.054159445,1.066854328,1.105160662,166,1
"Swiss Federal Institute of Technology Zurich",66.9,65.1,65.2,6.8,7.4,8,8265,7963,7713,42901,81551,127251,2,2,2.08,26.4,28.4,28.6,51.7,52.6,53.4,5.2,10.2,16.5,7623,7380,7046,5.62783681,11.050271,18.06003406,1.084218811,1.07899729,1.094663639,161,1
"University of Cambridge",62.3,59.3,59.7,6.6,6.8,7.2,11782,11422,11308,61925,130742,207876,2,2.2,2.3,24.5,27,28.8,47.2,50.1,50.5,5.3,11.4,18.4,10551,10238,9778,5.869111933,12.77026763,21.25956228,1.116671406,1.115647587,1.156473717,220,1
"University College London",59.5,57.3,55.8,6.7,5.9,5.3,16080,15486,15058,81959,162701,245812,2.19,2.21,2.21,22.5,24.5,25.7,42.4,44.7,43.7,5.1,10.5,16.3,14141,13744,12946,5.795841878,11.83796566,18.98748648,1.137119016,1.126746217,1.163139194,230,1
"Imperial College London",62.2,61.2,60.6,8.1,8.4,7.4,12293,12314,11652,64901,136960,207126,2.14,2.24,2.4,25.2,27,27,46.2,49,48.7,5.3,11.1,17.8,11223,10824,10723,5.782856634,12.6533629,19.31604961,1.095339927,1.137657058,1.086636203,223,1
"University of Chicago",42.7,40.7,41.6,5,4.4,5.3,8960,8835,8824,50478,102616,167099,2.09,2.11,2.29,25.3,26.6,28.2,47.7,50.9,51,5.6,11.6,18.9,8555,8508,8347,5.900409117,12.06111895,20.01904876,1.047340736,1.038434415,1.05714628,208,1
"Nanyang Technological University",66.3,61.5,59.8,3.9,4,3.7,7812,7990,7499,40627,81364,117574,1.92,1.84,1.96,23.5,24.8,24.3,52.1,50.4,50.6,5.2,10.2,15.7,6723,6627,6349,6.042986762,12.27765203,18.51850685,1.161981258,1.205673759,1.181130887,176,1
"National University of Singapore",63.9,61.6,58.3,3.6,3.3,3.1,10148,9735,9503,46266,91212,138573,1.74,1.79,1.86,22.4,24.2,24.1,45.1,47.7,47,4.6,9.4,14.6,9995,9400,9285,4.628914457,9.703404255,14.92439418,1.015307654,1.035638298,1.023478729,173,1
"Princeton University",48.1,46.5,46.9,7.6,7.2,6.5,4876,4604,4518,28072,53352,81622,2.27,2.22,2.4,26.9,28,28.9,46.9,50.1,51.9,5.8,11.6,18.1,3583,3342,3164,7.834775328,15.96409336,25.79709229,1.360870779,1.377618193,1.427939317,167,1
"Cornell University",41.6,40,38.8,5.5,5.8,5.4,9059,8857,9075,45912,93126,149164,2.04,2.09,2.09,22.8,25.3,25.6,46.1,48.3,46.1,5.1,10.5,16.4,8570,8769,8855,5.357292882,10.61991105,16.84517222,1.05705951,1.010035352,1.02484472,203,1
"University of Pennsylvania",34.2,32.7,31.4,5.1,5.6,5,13120,11846,11642,64966,124120,191940,2.14,2.1,2.27,21.3,25.4,25.5,42.1,45.8,45.1,5,10.5,16.5,12502,12165,11527,5.196448568,10.20304151,16.65134033,1.049432091,0.97377723,1.009976577,214,1
"Tsinghua University",33.4,32.5,30.9,4.7,4.3,4.4,16544,14653,13918,73149,139278,177848,1.55,1.65,1.58,21.5,23.2,21.2,43.4,42.2,40.1,4.4,9.5,12.8,16766,15011,14093,4.362936896,9.278395843,12.61959838,0.986758917,0.976150823,0.987582488,177,1
"Yale University",39.8,39.4,38.7,4.6,4.8,5.2,9460,9167,8997,47548,102511,158394,2.02,2.15,2.35,23.5,27.1,28.3,46.1,48.5,49.6,5,11.2,17.6,9186,8588,8460,5.176137601,11.93653936,18.72269504,1.029827999,1.067419655,1.063475177,209,1
"Columbia University",43.1,41.2,39.8,5.9,6,5.9,11836,11317,11036,61288,125885,188038,2.1,2.26,2.3,21.8,24.8,26.2,43.4,47.7,48.6,5.2,11.1,17,10984,10270,10020,5.579752367,12.25754625,18.76626747,1.077567371,1.10194742,1.101397206,218,1
"Ecole Polytechnique",69.5,69.1,67.4,8.4,9.3,9.4,1924,1885,1786,9058,19831,25836,1.64,1.82,1.72,23.5,26,24.1,46.8,49.4,47,4.7,10.5,14.5,1653,1697,1686,5.479733817,11.68591632,15.32384342,1.163944344,1.110783736,1.059311981,103,1
"University of Edinburgh",57.9,55.8,53.2,6.9,6.3,6.8,7631,7557,7157,39237,84165,126321,2.15,2.28,2.38,21.6,24.2,24.9,44.2,47,45.3,5.1,11.1,17.6,6791,6659,6314,5.777794139,12.63928518,20.00649351,1.123693123,1.134855083,1.133512829,188,1
"University of Michigan Ann Arbor",35.9,34.6,34.3,5.2,5.1,5,14984,14314,13692,64054,139853,212649,1.92,2.03,2.15,20,23.5,24.7,40.8,44.6,44.5,4.3,9.8,15.5,14585,13443,12833,4.391772369,10.40340698,16.57048235,1.027356874,1.064792085,1.066936804,209,1
"Peking University",33.8,33.3,32.3,3.2,3.1,2.5,14139,12842,12579,62904,121232,171846,1.46,1.62,1.54,21.1,23.2,22.2,41,41.6,41.4,4.4,9.4,13.7,19662,18069,17337,3.199267623,6.709391776,9.912095518,0.719102838,0.710720018,0.725558055,185,1
"University of Tokyo",37.2,35.5,33.2,5.9,5.9,6.6,12413,12026,11958,43602,89461,134172,1.27,1.35,1.38,16,16.7,16.9,34.7,36.6,36.8,3.5,7.4,11.2,11914,11760,11681,3.659728051,7.607227891,11.48634535,1.041883498,1.022619048,1.023713723,164,1
"Johns Hopkins University",42.2,40.3,39.1,5.9,6.2,5.7,14040,13589,13159,73556,150926,229198,2.18,2.2,2.34,22.1,26.2,26.4,39.9,44.8,44.4,5.2,11.1,17.4,13492,13128,12260,5.451823303,11.49649604,18.69477977,1.040616662,1.035115783,1.073327896,239,1
"Duke University",39.4,37.2,36.7,6.4,6.7,6.3,9496,9045,8731,45102,91906,143637,2.06,2.12,2.18,21.2,24.5,25,43.8,46.2,46.9,4.7,10.2,16.5,9028,8745,8212,4.995790873,10.50954831,17.49111057,1.051838724,1.034305317,1.063200195,190,1
"University of Hong Kong",68,66.4,66.2,2.1,2.4,2.4,5768,5525,5315,24034,51513,73892,1.74,1.91,1.95,20.4,21.7,21.6,45.1,44.6,43.5,4.2,9.3,13.9,5230,5095,4926,4.59541109,10.11050049,15.00040601,1.102868069,1.084396467,1.078968737,138,1
"University of Manchester",56.6,53.7,52.4,8.1,8.4,7.8,8306,8026,8276,36778,79177,121985,1.85,1.96,2.02,22.3,23.4,23.8,42.3,42.9,43.5,4.4,9.9,14.7,7370,7082,6958,4.990230665,11.18003389,17.53161828,1.127001357,1.133295679,1.189422248,170,1
"University of California at Berkeley",47.9,45.9,44.3,5.9,5.6,5.9,9268,9271,9080,53372,111893,173188,2.21,2.3,2.42,27,28.8,30.6,50.5,52.1,52.4,5.8,12.1,19.1,8477,8325,8046,6.296095317,13.4406006,21.52473279,1.093311313,1.113633634,1.128511061,218,1
"Australian National University",58.8,56.5,54.9,2.8,2.5,2.2,4951,4944,4863,21362,47301,73001,1.89,2.05,2.13,19.8,19.6,21.2,39.6,41.5,41.4,4.3,9.6,15,3623,3560,3492,5.896218603,13.28679775,20.90521191,1.36654706,1.388764045,1.392611684,138,1
"University of Toronto",52.9,51.4,50.9,4.5,4.9,4.4,18574,17649,17267,83030,176543,269032,2,2.02,2.17,19.9,22.1,22.3,37.7,40.9,40.7,4.5,10,15.6,19639,18833,18076,4.227812007,9.374130516,14.88338128,0.94577117,0.937131631,0.955244523,254,1
"Northwestern University",34.9,33.2,32.2,4.8,4.8,4.8,8497,8332,7912,47915,101395,141394,2.24,2.29,2.33,24.2,26.7,26.3,46.4,49,49.4,5.6,12.2,17.9,8022,7698,7451,5.972949389,13.17160301,18.97651322,1.059212167,1.082359054,1.06187089,193,1
"Hong Kong University of Science and Technology",75.4,73.2,72.2,4,3.5,3.7,2905,2724,2659,16663,30806,46432,1.96,2.12,2.16,27.4,28.7,28.9,54.5,54,55.1,5.7,11.3,17.5,2502,2262,2280,6.659872102,13.61892131,20.36491228,1.161071143,1.204244032,1.16622807,117,1
"King's College London",56.7,52.9,53.4,5.4,4.8,5.1,8349,7977,7717,39984,88835,123858,2.07,2.32,2.22,21.9,23.9,24.1,42.9,44.6,45.2,4.8,11.1,16.1,7057,7126,6539,5.665863681,12.46632052,18.94142835,1.183080629,1.119421836,1.18014987,174,1
"Kyoto University",35.4,33.7,33.2,5.5,6.1,5.6,7943,7784,7701,28952,62667,90411,1.27,1.48,1.47,16.2,16.8,17.1,35.5,38.7,38.1,3.6,8.1,11.7,8048,8017,7652,3.597415507,7.816764376,11.81534239,0.98695328,0.970936759,1.006403555,142,1
"McGill University",55.8,55.1,54.4,3.8,3.7,3.5,8803,8677,8304,36557,79706,122395,1.77,1.89,1.98,19.3,22.4,23.1,38.9,42.8,44.3,4.2,9.2,14.7,8812,8722,8185,4.148547435,9.138500344,14.95357361,0.998978665,0.994840633,1.01453879,169,1
"University of California at Los Angeles",41.4,40.7,40,6.5,6.8,6.7,12573,12125,11687,64379,126481,190648,2.13,2.16,2.23,21.7,25.2,24.5,43.7,46.5,46.8,5.1,10.4,16.3,12223,11959,11535,5.267037552,10.57621875,16.527785,1.028634541,1.013880759,1.013177287,217,1
"Seoul National University",29.5,28.1,28,5.8,6,6,10337,9989,9597,35156,84371,117577,1.33,1.63,1.58,14.8,16.4,15.9,36.1,38.3,37.2,3.4,8.4,12.3,11723,11421,10990,2.998891069,7.387356624,10.69854413,0.881770878,0.874616934,0.873248408,169,1
"University of Melbourne",52.9,50.9,49.4,3.8,4,4.1,11740,10939,10438,51700,110337,157675,1.93,2.06,2.06,19.7,21.8,22.6,40.5,42,42,4.4,10.1,15.1,9839,9217,8796,5.254599045,11.97103179,17.92576171,1.193210692,1.186828686,1.186675762,196,1
"New York University",37.1,35.4,34.8,5.5,4.6,5.1,8893,8582,8298,39101,78066,116941,2.07,1.98,2.21,17.8,20.5,22.2,39.9,40,40.5,4.4,9.1,14.1,8324,8051,7890,4.697381067,9.696435225,14.82141952,1.068356559,1.06595454,1.051711027,177,1
"Fudan University",30.6,30.3,30.2,2.7,2.8,2.8,9719,9091,8477,37085,76060,108152,1.36,1.46,1.49,18.7,20.4,20.4,36,38,38.3,3.8,8.4,12.8,15681,14831,13524,2.364963969,5.128447171,7.997042295,0.619794656,0.612972827,0.626811594,141,1
"Korea Advanced Institute of Science and Technology",28.3,27.9,25.5,6.7,6.5,8,4107,3993,4046,13096,29122,43397,1.2,1.35,1.31,16.7,18.5,18.4,47.3,47.3,46.3,3.2,7.3,10.7,4649,4630,4565,2.816949882,6.289848812,9.506462212,0.883415788,0.862419006,0.886308872,107,1
"University of Sydney",52.2,51.3,50,3,3.1,2.6,11210,10793,10255,48436,103587,155266,1.97,2.09,2.1,19.5,20.4,21,36.9,39.3,38,4.3,9.6,15.1,8836,8655,8376,5.481665912,11.96845754,18.53701051,1.268673608,1.247024841,1.224331423,185,1
"University of New South Wales",56.1,52,51,2.7,2.6,2.8,9876,9249,9010,42338,85734,119495,1.84,1.94,1.85,20.8,20.7,20.7,40.4,41.2,41.7,4.3,9.3,13.3,7683,7391,7110,5.510607835,11.59978352,16.80661041,1.285435377,1.251386822,1.267229255,161,1
"London School of Economics and Political Science",48.8,41.4,42.3,3.2,2.8,2.7,1757,1777,1531,5213,11590,12759,2.05,2.54,2.08,12.1,11.3,14,41.2,38.3,39.8,3,6.5,8.3,1161,1165,1057,4.490094746,9.948497854,12.07095553,1.51335056,1.525321888,1.448438978,65,1
"University of California at San Diego",43.4,42.6,42,7,6.9,6.8,9974,9664,9378,54536,108469,173597,2.14,2.19,2.27,25.2,27.1,27.9,46.9,47.7,49.1,5.5,11.2,18.5,9661,9244,9142,5.644964289,11.73398961,18.98895209,1.032398302,1.045434877,1.02581492,212,1
"Chinese University of Hong Kong",71.1,69.3,68.6,3.5,2.9,3,5216,4818,4489,24207,55634,67877,1.94,2.27,2.13,21,23.3,21.7,44.1,46,42.8,4.6,11.5,15.1,4749,4333,4174,5.097283639,12.83960305,16.26185913,1.098336492,1.111931687,1.075467178,137,1
"University of Queensland",56,54.1,49.6,3.3,3.1,3.1,9950,9334,9139,44042,86659,127294,1.85,1.89,1.98,21.1,21.9,21.8,42.3,44,42.6,4.4,9.3,13.9,8379,8034,7744,5.256235828,10.78653224,16.43775826,1.187492541,1.161812298,1.180139463,172,1
"Carnegie Mellon University",45.7,41.2,41,10.1,9.3,9.9,3972,3884,3848,17720,36097,54341,2.21,2.24,2.29,19.5,22.5,22.9,43.4,45.9,45.5,4.5,9.3,14.1,3408,3252,3230,5.199530516,11.0999385,16.82383901,1.165492958,1.194341943,1.191331269,134,1
"University of Bristol",54.6,51.4,50.1,7.3,8.4,8.9,5894,5647,5447,28804,58908,85017,2.08,2.13,2.18,20.9,23,23.2,45.1,48.2,46.6,4.9,10.4,15.6,4916,4723,4556,5.859235151,12.47258099,18.66044776,1.198942229,1.195638365,1.195566286,149,1
"Delft University of Technology",58.4,57.5,56.3,8,7.2,8.3,5641,5214,5015,19650,37086,49916,1.64,1.67,1.53,17.1,19.3,18.4,43.1,42.3,41.4,3.5,7.1,10,4874,4412,4131,4.031596225,8.405711695,12.08327282,1.157365613,1.181776972,1.21399177,105,1
"University of British Columbia",57.2,55.1,55.3,3.7,4.4,4.3,10769,10104,10068,47306,97717,153321,1.91,2.05,2.12,19.3,21.7,22.3,39,42.2,41.3,4.4,9.7,15.2,10536,10298,9875,4.489939256,9.488929889,15.52617722,1.022114655,0.981161391,1.019544304,197,1
"City University of Hong Kong",76.8,73.4,72.7,1.9,1.7,1.6,3889,3490,3248,18340,33683,43889,1.73,1.9,1.68,23.8,26,23.7,52.5,51.4,49.8,4.7,9.7,13.5,2453,2276,2085,7.476559315,14.79920914,21.0498801,1.585405626,1.533391916,1.557793765,112,1
"PSL Research University",61.1,57.5,56.2,6,6,5.8,8703,8785,8470,39062,78395,127384,1.67,1.6,1.76,20.5,21.2,22.1,40.3,41.1,41.1,4.5,8.9,15,8684,8519,8390,4.498157531,9.20237117,15.18283671,1.002187932,1.031224322,1.009535161,168,1
"Zhejiang University",31.5,29.7,28.7,2.3,2.4,2.3,14585,13185,12395,51556,96698,129555,1.24,1.26,1.22,18.6,19.4,18,37.4,36.9,36.2,3.5,7.3,10.5,22072,20089,18438,2.335810076,4.813480014,7.026521315,0.660791954,0.656329334,0.672252956,147,1
"Technical University of Munich",51.7,48.6,49.8,9.6,9.9,9.4,8090,7871,7615,36099,68540,100827,1.91,1.83,1.83,19.7,21.3,21.8,39.8,38.7,42.7,4.5,8.7,13.2,7912,7692,7349,4.562563195,8.910556422,13.71982583,1.022497472,1.023270931,1.036195401,152,1
"University of Wisconsin-Madison",36.9,34.4,33.7,4.4,5.1,4.6,8958,8895,8728,36737,77683,117688,1.69,1.78,1.84,20.1,22.4,22.5,43.3,45.5,46.1,4.1,8.7,13.5,9174,9194,9086,4.004469152,8.449314771,12.95267444,0.976455199,0.967478791,0.960598723,170,1
"Brown University",34.5,32.5,32.4,3.3,4,4.6,4690,4443,4246,21470,43557,70347,1.97,2.15,2.3,17.6,21.6,22,39.5,44.6,44.2,4.6,9.8,16.6,4177,3926,3743,5.140052669,11.09449822,18.79428266,1.122815418,1.131686195,1.134384184,139,1
"Monash University",55.2,51.7,50.8,2.8,2.9,2.9,10300,9555,8854,44432,91194,136590,1.8,1.88,2.06,20.6,21.8,22.1,39.5,42.5,41.4,4.3,9.5,15.4,8203,7674,7126,5.416554919,11.88350274,19.16783609,1.255638181,1.24511337,1.242492282,173,1
"Tokyo Institute of Technology",36.8,33.2,31.6,7.4,8.2,9,3863,3864,3819,11930,23338,37586,1.16,1.15,1.21,14.9,15.4,15.6,34.7,35.5,36.7,3.1,6,9.8,3613,3490,3501,3.301965126,6.687106017,10.73578977,1.069194575,1.107163324,1.090831191,94,1
"Ecole Polytechnique",69.5,69.1,67.4,8.4,9.3,9.4,1924,1885,1786,9058,19831,25836,1.64,1.82,1.72,23.5,26,24.1,46.8,49.4,47,4.7,10.5,14.5,1653,1697,1686,5.479733817,11.68591632,15.32384342,1.163944344,1.110783736,1.059311981,103,1
"Shanghai Jiao Tong University",29.4,28.5,27.8,3,3.3,3.3,17173,15419,14220,55733,107620,148579,1.2,1.28,1.3,16.5,17.9,17.1,33,34.7,32.8,3.2,7,10.4,24854,22643,20781,2.242415708,4.752903767,7.149752177,0.690955178,0.680961003,0.684278909,149,1
"University of Warwick",55.7,55,52.3,6.9,7.4,6.8,4244,4247,4054,17794,46200,61616,1.83,2.37,2.23,18.8,20.4,21,42.6,46.1,45,4.2,10.9,15.2,3068,3100,2925,5.799869622,14.90322581,21.06529915,1.383311604,1.37,1.385982906,131,1
"Ludwig Maximilian University of Munich",53.9,52.9,52.8,6.1,6.5,6.4,7444,6920,6907,35868,67488,116035,1.83,1.78,2.1,21.2,24.7,25.9,38.2,40.2,42.2,4.8,9.8,16.8,7364,7146,7073,4.870722433,9.444164568,16.40534427,1.010863661,0.968373915,0.976530468,166,1
"University of Amsterdam",57.1,57,55.4,4.6,4.3,4.2,8867,8288,7927,43534,84304,133462,2.13,2.08,2.29,22.7,24.3,26.2,40.3,41.8,43.7,4.9,10.2,16.8,7852,7171,6690,5.544319918,11.75624041,19.94947683,1.129266429,1.155766281,1.18490284,175,1
"University of Texas at Austin",37.8,37,36.6,6.1,5.8,6.6,8980,8756,9046,38807,80737,132006,1.92,1.93,2.1,19.6,22.2,24,42.9,43.8,45.5,4.3,9.2,14.6,8985,8893,9643,4.319087368,9.078713595,13.68930831,0.999443517,0.984594625,0.938089806,186,1
"Universität Heidelberg",57.5,54.3,53.3,8.1,8.4,7.8,7238,7134,6876,40054,80429,128415,2.1,2.1,2.21,23.8,25.1,26.5,39,39.7,41.2,5.5,11.3,18.7,7285,7336,6992,5.498146877,10.96360414,18.3659897,0.993548387,0.972464558,0.983409611,180,1
"University of Glasgow",57.2,55.4,53.3,7.3,8.4,7.8,5187,4961,4675,24858,57631,79124,2.12,2.31,2.27,21.3,23,23.4,46.6,48.9,46.2,4.8,11.6,16.9,4338,4232,4083,5.730290456,13.61791115,19.37888807,1.19571231,1.172258979,1.144991428,158,1
"University of Washington",38.1,37.1,35.8,6.2,6.6,6.3,13412,12725,12723,66646,151788,227529,2.09,2.41,2.39,21.7,25.9,25.6,42.4,46,46.5,5,11.9,17.9,12821,12379,12256,5.198190469,12.26173358,18.564703,1.046096248,1.027950561,1.038103786,246,1
"National Taiwan University",37.5,36.3,32.9,3.8,3.9,4,6187,6226,6266,22503,47491,73393,1.45,1.46,1.5,15.6,16.1,15.6,39.9,45.3,44,3.6,7.6,11.7,7361,7320,7547,3.057057465,6.48784153,9.724791308,0.8405108,0.850546448,0.830263681,133,1
"University of Malaya",57.6,52.5,52.2,1.7,1.4,1.3,4039,4472,4791,15364,33882,55912,1.5,1.51,1.5,18.4,19.3,20.5,25.9,28.2,32.8,3.8,7.6,11.7,4252,4591,4793,3.61335842,7.380091483,11.6653453,0.949905927,0.974079721,0.999582725,110,1
"Osaka University",30.2,29.9,29,6.8,7,7.2,6538,6451,6544,19337,39881,60233,1.13,1.15,1.13,14.1,14.7,14.8,30.3,33.5,33.2,3,6.2,9.2,7011,7078,7189,2.758094423,5.634501272,8.378494923,0.932534589,0.911415654,0.910279594,120,1
"Georgia Institute of Technology",45.5,43.7,41.8,7.6,7.4,7.6,6060,5952,5766,26002,61257,83647,1.83,2.07,2.03,21.2,23.7,23.1,47,48,48.2,4.3,10.3,14.5,5514,5173,5038,4.715632934,11.84167794,16.60321556,1.099020675,1.1505896,1.144501786,152,1
"Universidad de Buenos Aires",40.6,39.9,41.2,1.3,1.2,1.9,3422,3353,3303,8805,17029,26347,1.01,0.98,1,10.8,10.8,11.6,25.6,27.3,28.5,2.6,5.1,8,4820,4702,4720,1.826763485,3.621650362,5.581991525,0.709958506,0.713100808,0.699788136,92,1
"University of Illinois at Urbana-Champaign",39.4,37.7,38.1,5,5.7,5.3,7623,7677,7571,31989,64794,109178,1.75,1.8,1.99,20,20.6,21.6,42.1,44.2,45.2,4.2,8.4,14.4,7259,7216,6861,4.406805345,8.97921286,15.91284069,1.050144648,1.063885809,1.103483457,157,1
"University of Zurich",65,63.3,62.6,5.3,5.8,5,7596,7437,6711,35568,78804,109560,1.95,2.09,2.13,22.2,23.8,24.7,42.1,44.5,45,4.7,10.6,16.3,7185,7105,7113,4.950313152,11.09134412,15.40278364,1.057202505,1.046727657,0.943483762,168,1
"Sorbonne University",100,60,75,0,0,0,5,5,4,4,13,6,0.33,1.75,0.7,0,0,0,20,0,50,0.8,2.6,1.5,3,5,5,1.333333333,2.6,1.2,1.666666667,1,0.8,4,1
"University of Durham",56.6,54.4,53.6,3.7,3.3,3.2,2852,2699,2809,11691,20921,34526,1.58,1.59,1.65,18.7,20.5,20.8,39.2,41.7,42.5,4.1,7.8,12.3,2041,1947,2009,5.728074473,10.7452491,17.18566451,1.397354238,1.386235234,1.398208064,96,1
"University of Sheffield",52.2,48.9,49.9,6.4,6.1,6.8,5091,5239,5019,22512,49399,77000,1.86,1.89,2.08,20.1,21.3,21.7,42.2,44,43.5,4.4,9.4,15.3,4339,4342,4062,5.188292233,11.3770152,18.95617922,1.173311823,1.206586826,1.235598227,135,1
"KU Leuven",65.2,62.5,62.4,5.9,5.9,5.7,9662,9074,8824,41116,84563,124001,1.86,1.94,1.95,19.5,22.1,21.7,42,42.6,43.3,4.3,9.3,14.1,8638,8274,8024,4.759898125,10.22032874,15.45376371,1.11854596,1.096688422,1.099700897,178,1
"University of Birmingham",56.5,51.3,52.2,7.1,7.1,7.3,5530,5286,5160,26747,54715,86907,2.13,2.14,2.18,22.2,22.7,24.3,44.1,44.9,42.8,4.8,10.4,16.8,4475,4371,4267,5.97698324,12.5177305,20.36723693,1.23575419,1.209334248,1.209280525,150,1
"University of Copenhagen",63,59.4,57.7,8.1,7.4,7.6,10688,10531,10525,53252,110659,174369,2.02,2.04,2.11,22.9,24.7,25.6,42,43.6,44.1,5,10.5,16.6,10955,10768,10542,4.860976723,10.27665305,16.54040979,0.975627567,0.977990342,0.998387403,206,1
"Tohoku University",33,33.1,32.4,5.9,6,6.6,6392,6260,6340,18997,38809,60737,1.05,1.15,1.15,13.4,14.1,14.5,28.6,31.7,32.5,3,6.2,9.6,6740,6462,6748,2.818545994,6.005725781,9.00074096,0.948367953,0.968740328,0.939537641,109,1
"Korea University",30.5,29.9,29.9,4.7,4.9,5.3,5429,5289,5203,20370,44603,57031,1.34,1.57,1.44,17.5,17.7,16.3,41.1,39.8,36,3.8,8.4,11,5477,5480,5239,3.719189337,8.139233577,10.88585608,0.991236078,0.965145985,0.99312846,118,1
"University of Auckland",58.4,56.5,53.7,3,3.8,3.4,4962,4750,4515,18288,41583,52558,1.73,2,1.85,16.5,19.1,17,34.4,38.1,37.1,3.7,8.8,11.6,3915,3825,3611,4.671264368,10.87137255,14.55497092,1.26743295,1.241830065,1.250346164,117,1
"Lomonosov Moscow State University",31.3,32.8,34.3,2.6,2.7,2.9,8040,7391,6852,17631,37914,54738,0.82,0.95,0.96,8.9,9.5,9.7,15.6,16.9,17.5,2.2,5.1,8,7620,6997,6732,2.313779528,5.418607975,8.131016043,1.05511811,1.056309847,1.017825312,115,1
"Rice University",48.3,46.8,46,4.7,4.1,5.3,2280,2225,2129,11511,23593,34139,1.91,2.07,1.94,25,28,27.7,51,56,53.9,5,10.6,16,2013,1958,1935,5.718330849,12.04954035,17.64289406,1.132637854,1.136363636,1.100258398,118,1
"University of Western Australia",59.1,57.3,57.1,3.7,4,3.5,5367,5340,5237,23515,56342,82133,1.95,2.09,2.2,20.2,21,21.8,40.3,40.9,39.8,4.4,10.6,15.7,4142,4026,4020,5.677209078,13.99453552,20.43109453,1.295750845,1.326378539,1.302736318,140,1
"Pohang University of Science And Technology",36.9,35.9,35.3,8,9,7.8,2063,1967,2113,8536,17985,25920,1.29,1.56,1.38,21.6,25.3,20.6,49.9,54.9,52.2,4.1,9.1,12.3,2201,2297,2244,3.878237165,7.829777971,11.55080214,0.937301227,0.856334349,0.941622103,97,1
"University of Science and Technology of China",30.3,30.1,31.6,2.9,2.6,2.5,9010,7422,6472,41922,73328,92295,1.47,1.58,1.55,23.2,24.5,24.4,43.2,44.5,45.6,4.7,9.9,14.3,11330,9264,7914,3.700088261,7.91537133,11.66224412,0.795233892,0.801165803,0.817791256,149,1
"University of North Carolina",34.1,32,31.4,5.5,5.1,5.2,8725,8489,8181,39929,85758,133615,1.98,2.08,2.23,19.5,22.7,23.4,41.6,45.3,44.1,4.6,10.1,16.3,8701,8425,8245,4.589012757,10.1789911,16.20557914,1.002758304,1.007596439,0.99223772,194,1
"Hong Kong Polytechnic University",73.3,71.7,69.8,1.5,1.7,1.6,5098,4489,3732,24298,41880,44842,1.85,1.9,1.56,24.3,23.3,21.8,50.3,46.9,44.3,4.8,9.3,12,3501,3147,2790,6.940302771,13.3079123,16.07240143,1.456155384,1.426437877,1.337634409,95,1
"Lund University",62,59.8,58.7,5.6,6.4,5.9,5975,5862,5865,26509,55404,88003,1.76,2.01,2.04,19.8,22,21.5,40.4,44.1,43.4,4.4,9.5,15,5658,5637,5654,4.685224461,9.828632251,15.56473293,1.056026865,1.039914848,1.037318712,145,1
"Pennsylvania State University",36.4,35.5,34.4,3.8,3.9,4.2,9239,8733,8540,32360,70832,109210,1.52,1.67,1.74,17.2,19.9,20.5,38.2,41.7,42.1,3.5,8.1,12.8,8172,7654,7587,3.959862947,9.254246146,14.39435877,1.130567792,1.140972041,1.125609595,152,1
"University of Leeds",55.4,52.3,50.7,5.6,5.7,5.4,5177,4774,4537,19414,40461,53252,1.69,1.77,1.72,20.6,20.7,21.1,44.5,45.9,44.5,3.8,8.5,11.7,4447,4105,3748,4.365639757,9.856516443,14.20811099,1.164155611,1.162971985,1.210512273,119,1
"Sungkyunkwan University",29.5,27.1,27.6,14.4,16.3,16.1,5398,5434,5401,20047,43613,65993,1.36,1.47,1.5,17.6,17.9,17,39.2,38.4,35.3,3.7,8,12.2,5684,5443,5407,3.526917664,8.012676833,12.20510449,0.949683322,0.9983465,0.998890327,136,1
"University of Nottingham",54.3,51.5,49.1,6.4,6.6,6.3,5275,5381,5162,21642,43565,71121,1.76,1.77,1.96,20.2,19.4,20.3,42.9,43.4,44,4.1,8.1,13.8,4981,4888,4788,4.344910661,8.912643208,14.85401003,1.059024292,1.100859247,1.078111947,131,1
"University of Southampton",60.1,58.7,58.6,6.2,5.8,5.4,5660,5679,5740,25934,57131,91360,1.9,2.06,2.17,21.5,21.8,23.1,43.5,43.8,46,4.6,10.1,15.9,4370,4449,4307,5.934553776,12.84131265,21.2119805,1.295194508,1.276466622,1.332714186,146,1
"Boston University",38.8,37.9,38.5,5.4,6.1,5.8,6238,5944,5701,31855,55149,93179,2.15,1.94,2.32,21.3,23.6,25.7,45.1,48.1,47.9,5.1,9.3,16.3,5699,5442,5175,5.589577119,10.1339581,18.00560386,1.094577996,1.092245498,1.101642512,158,1
"Royal Institute of Technology",65.6,65.4,64.4,10.4,9.4,9.5,4470,4392,4162,17101,33939,51328,1.59,1.59,1.6,19.7,20.6,19.3,43.3,43,44.7,3.8,7.7,12.3,3359,3293,3206,5.091098541,10.30640753,16.00998129,1.3307532,1.333738233,1.298190892,118,1
"University of St Andrews",58.8,59.8,58.5,4.1,3.4,3.7,2051,2103,2098,7514,16989,26241,1.51,1.52,1.58,19.6,20.4,20.4,41.2,40.7,42,3.7,8.1,12.5,1550,1567,1604,4.847741935,10.8417358,16.35972569,1.323225806,1.342054882,1.30798005,92,1
"Ohio State University",35.8,34.9,35.6,5.1,5.1,5.2,9669,9240,8800,43511,85610,123418,1.96,1.88,1.92,19.6,21.3,22.3,39,42.4,43.7,4.5,9.3,14,9532,9070,8615,4.564729333,9.438809261,14.32594312,1.01437264,1.018743109,1.021474173,172,2
"Eindhoven University of Technology",53.8,52.5,51.7,14.3,15.2,14.9,3005,2891,2770,10347,21230,28988,1.48,1.62,1.5,16.3,18.7,18.3,38.4,40.7,42.8,3.4,7.3,10.5,2603,2522,2409,3.975028813,8.417922284,12.0332088,1.154437188,1.14631245,1.149854711,89,2
"Universidad Nacional Autónoma de México",44.2,41.3,42.3,1.6,1.5,2.1,6726,6378,6111,15594,30651,47811,0.8,0.89,0.93,9.1,9.8,9.6,20.9,23.5,23.4,2.3,4.8,7.8,9162,8807,8283,1.702030124,3.480299762,5.772183991,0.734119188,0.724196662,0.737776168,95,2
"University of California at Davis",43.5,41.7,41.5,4.5,4.1,4.5,8028,7851,7808,34862,67610,106079,1.79,1.81,1.76,20.3,21.8,21.3,42.8,44.5,45.6,4.3,8.6,13.6,7875,7652,7571,4.426920635,8.835598536,14.01122705,1.019428571,1.026006273,1.031303659,153,2
"Yonsei University",29,26.4,25.6,5.9,6.5,6.6,5941,5715,5751,19637,38552,63293,1.24,1.26,1.34,13.9,15.1,14.9,36.6,39.7,36.9,3.3,6.7,11,6746,6612,6532,2.910910169,5.83061101,9.689681568,0.880670027,0.864337568,0.880434783,113,2
"University of Adelaide",55.5,54.8,52.5,2.9,2.8,2.6,4932,4837,4851,26657,60615,87726,2.18,2.49,2.41,23.5,24.5,23.5,42.6,44.5,42.5,5.4,12.5,18.1,3929,3719,3628,6.784678035,16.29873622,24.18026461,1.255281242,1.300618446,1.337100331,160,2
"University of Helsinki",61.6,60.9,58.9,5.6,5.2,5.8,6320,6262,6140,29676,57907,103813,1.95,1.94,2.23,19.9,20.6,21.4,42.1,43,43.4,4.7,9.2,16.9,6214,6112,5931,4.775667847,9.474312827,17.50345642,1.017058256,1.024541885,1.035238577,160,2
"Trinity College Dublin",57.6,55.8,54.5,5,4.3,3.8,3216,3070,2887,12758,25059,44791,1.68,1.62,1.91,18.2,18.7,20.2,36.2,37.3,38.8,4,8.2,15.5,3392,3276,3105,3.76120283,7.649267399,14.42544283,0.948113208,0.937118437,0.92979066,111,2
"Washington University St. Louis",32.2,31.7,30.8,5.5,5.7,4.8,6835,6351,5967,37761,75529,113325,2.26,2.32,2.35,23.6,25.8,26.8,42.9,46.6,46.4,5.5,11.9,19,7129,6879,6346,5.296815823,10.9796482,17.85770564,0.958759994,0.923244658,0.94027734,196,2
"University of Geneva",65.9,64.6,64.9,5.2,4.2,4.2,4947,4664,4632,24724,47334,79458,1.86,1.87,2.08,22.3,23.5,25.4,37.2,39.7,39.5,5,10.1,17.2,4470,4273,4765,5.531096197,11.07746314,16.67534103,1.106711409,1.091504798,0.972088143,142,2
"Purdue University",36.4,36.3,35.2,6,6.3,6.3,7331,7132,6697,24676,48400,69834,1.49,1.52,1.47,17,17.9,17.7,42,42.3,42.4,3.4,6.8,10.4,6722,6430,6096,3.67093127,7.527216174,11.45570866,1.090598036,1.109175739,1.098589239,128,2
"Technical University of Denmark",63.7,60.4,60.6,11.4,10.4,10.6,4730,4682,4375,18491,41060,62267,1.57,1.74,1.84,21.5,23.4,23.9,44.4,46.5,45,3.9,8.8,14.2,4137,4073,3678,4.469664008,10.08102136,16.92958129,1.143340585,1.149521237,1.189505166,127,2
"University of Alberta",53.9,50.4,49.8,4.3,3.8,3.8,8092,7446,7418,30872,59497,92624,1.59,1.66,1.73,17.8,20,20.1,37.8,40,39,3.8,8,12.5,7464,7023,6824,4.136120043,8.471735725,13.57327081,1.084137192,1.060230671,1.087045721,142,2
"University of Groningen",60.6,58.5,56.8,6.1,6.9,6.5,6497,6322,6026,31622,69208,94778,1.98,2.17,2.11,21.6,24.2,24,43.2,47,47.9,4.9,10.9,15.7,5946,5723,5462,5.318197107,12.09295824,17.35225192,1.092667339,1.104665385,1.10325888,163,2
"Nagoya University",33,30.9,30.4,5.1,5.8,4.7,5184,4952,4676,17688,32486,48285,1.22,1.23,1.21,15.3,15.2,15.9,30.4,31,34,3.4,6.6,10.3,5131,4999,4952,3.447281232,6.4984997,9.750605816,1.01032937,0.99059812,0.944264943,101,2
"Universidade de São Paulo",39.7,37.8,36.8,2.1,2,2.1,15561,14503,14311,40136,84125,123882,1.08,1.22,1.22,10.9,11.4,11.4,23.2,25.6,25.5,2.6,5.8,8.7,21767,20443,19866,1.84389213,4.115100523,6.235880399,0.714889512,0.709435993,0.720376523,147,2
"Uppsala University",62.5,60.6,61.4,6.4,6.7,6.4,6039,5990,5801,26142,58309,92672,1.7,1.94,2.14,20.6,22.6,24,43.6,44.5,45,4.3,9.7,16,5275,5364,5178,4.955829384,10.87043251,17.89725763,1.144834123,1.116703952,1.120316725,156,2
"Leiden University",58.5,57.8,55.9,5.8,5.5,5.6,6309,5780,5616,30319,55798,89106,1.91,1.76,1.93,23.3,25.4,26.6,37.6,40.3,43.1,4.8,9.7,15.9,5419,5084,4895,5.594943717,10.97521637,18.20347293,1.164236944,1.136900079,1.147293156,147,2
"University of Oslo",60.1,58.5,57.8,5.8,5.7,5.5,6673,6475,6217,27588,60711,95395,1.9,2.06,2.23,18.5,20.6,21,39.5,39.2,37.7,4.1,9.4,15.3,6160,6149,5622,4.478571429,9.873312734,16.9681608,1.083279221,1.053016751,1.105834223,154,2
"Humboldt University of Berlin",53.8,50.7,52.4,3.4,3.4,3.4,3434,2814,2528,15571,22802,30182,1.72,1.61,1.6,19.3,20.9,21.3,42.3,43.2,44.2,4.5,8.1,11.9,3707,2597,2149,4.200431616,8.78013092,14.04467194,0.926355544,1.083557951,1.176361098,104,2
"Nanjing University",34.7,32.1,33,1.7,1.8,1.9,7985,7228,6858,35236,69197,97588,1.43,1.59,1.65,23.1,24.5,23.7,42.8,42.8,44.1,4.4,9.6,14.2,11209,10204,9453,3.143545365,6.781360251,10.32349519,0.712373985,0.708349667,0.725483973,133,2
"Utrecht University",57.9,55.6,54.1,6.1,5.7,6.1,8104,7917,7446,38105,79099,117182,1.99,2,2.13,23,24.7,27.2,44.7,47.6,47.9,4.7,10,15.7,7611,7373,6935,5.006569439,10.72819748,16.89718818,1.064774668,1.073782721,1.073684211,164,2
"University of Bern",67.4,66.2,65.1,4.7,3.8,3.7,5376,5037,4854,26775,49809,69139,2.08,2.03,1.94,21.1,23.3,23.7,42,43.9,42,5,9.9,14.2,4661,4485,4926,5.744475434,11.10568562,14.03552578,1.153400558,1.123076923,0.985383678,141,2
"Karlsruhe Institute of Technology",51.7,51.8,50.7,8.1,8.3,7.3,4701,4644,4543,17324,35735,54094,1.5,1.55,1.56,19.1,20.9,19.7,40,40.8,43.7,3.7,7.7,11.9,4939,4933,4783,3.50759263,7.244070545,11.3096383,0.951812108,0.94141496,0.949822287,116,2
"Wageningen University & Research",69.6,67.2,66.1,7.2,7.2,8.5,3710,3587,3597,18514,39836,63856,2.11,2.29,2.53,25.8,27.2,27.4,54.1,55.7,58.2,5,11.1,17.8,3631,3531,3547,5.098870834,11.28178986,18.00281928,1.021757092,1.01585953,1.01409642,132,2
"Chalmers University of Technology",58.9,58.7,55.5,15.4,14,15.3,3039,2892,2820,11679,19686,28065,1.73,1.44,1.48,18.8,18.1,17.6,38.1,40,39.9,3.8,6.8,10,2494,2384,2338,4.682838813,8.257550336,12.00384944,1.218524459,1.213087248,1.20615911,91,2
"Queen Mary University of London",63,57.8,57.7,5.9,5.4,6.1,4134,3851,3783,21774,37233,67331,2.41,2.04,2.5,22.6,23.1,25.7,45.2,46.3,46.1,5.3,9.7,17.8,3279,3085,3095,6.640439158,12.06904376,21.75476575,1.260750229,1.248298217,1.222294023,146,2
"Pontificia Universidad Católica de Chile",57.9,56.5,56.5,2.3,1.8,2.2,2737,2900,2677,9648,22553,31945,1.41,1.67,1.6,16.3,16.3,18,29.3,29.7,28.7,3.5,7.8,11.9,3068,3519,3086,3.144719687,6.408922989,10.35158782,0.892112125,0.824097755,0.867465975,92,2
"Lancaster University",60.7,57,56.4,4.3,4.7,4.7,2812,2532,2469,12890,25981,34736,2.15,2.39,2.11,21.5,22.8,22.6,50.1,50.5,48.2,4.6,10.3,14.1,1697,1678,1577,7.595757219,15.48331347,22.02663285,1.657041839,1.508939213,1.565630945,104,2
"University of Southern California",35.7,35.3,34.9,6.4,6.8,7,7816,7410,7326,31042,69496,96466,1.95,2.08,1.89,17.6,20.9,21.1,39.5,42.9,41.8,4,9.4,13.2,7715,7184,7039,4.023590408,9.673719376,13.70450348,1.01309138,1.031458797,1.040772837,163,2
"Free University of Berlin",51.6,50.1,48.8,4.5,3.8,3.8,3418,2797,2646,12946,20403,29617,1.57,1.42,1.4,18.2,18.9,18.1,39.7,43.8,43.2,3.8,7.3,11.2,4026,2921,2530,3.215598609,6.984936666,11.70632411,0.848981619,0.957548785,1.045849802,88,2
"Ghent University",62.4,61.1,59.4,4.9,4.8,4.6,7943,7617,7515,33838,68222,100160,1.79,1.9,1.84,19.4,21.9,21.3,41.4,42.5,43.3,4.3,9,13.3,7190,6928,6785,4.706258693,9.847286374,14.76197494,1.10472879,1.099451501,1.107590273,155,2
"Hokkaido University",33.9,30.2,30.3,4.8,5.8,5.6,4389,4464,4323,11869,24671,39537,0.98,1,1.09,14,12.9,14.2,31.2,31.7,35,2.7,5.5,9.1,4976,5186,4932,2.385249196,4.757231007,8.016423358,0.882033762,0.86077902,0.876520681,87,2
"Kyushu University",33.6,33.1,32.1,6,5.4,5.5,4981,5072,5028,15271,30196,48301,1.15,1.13,1.21,14.6,14.4,14.5,30.1,31.8,32.8,3.1,6,9.6,5513,5672,5599,2.769998186,5.323695346,8.626719057,0.903500816,0.894217207,0.898017503,102,2
"Aalto University",61.9,60.4,59.6,5.4,6.2,5.7,3113,2992,3113,10429,20610,39512,1.58,1.64,1.8,18.1,18.1,18.6,45.3,43.4,43.7,3.4,6.9,12.7,2572,2506,2559,4.054821151,8.224261772,15.44040641,1.210342146,1.193934557,1.216490817,100,2
"University of California at Santa Barbara",45.5,45,43.3,6.4,6.1,6.8,3549,3457,3289,17806,36769,58451,1.98,2.04,2.28,26.2,28.5,29.2,50.5,52.4,52.1,5,10.6,17.8,2992,2944,2830,5.951203209,12.48947011,20.6540636,1.186163102,1.174252717,1.162190813,137,2
"University of Maryland College Park",42.1,40.2,40.8,6.5,6.3,6.5,6820,6797,6720,30786,67470,102070,1.86,1.98,2.1,19.8,22.7,23,45.7,47,48.7,4.5,9.9,15.2,5745,5720,5670,5.358746736,11.79545455,18.00176367,1.187119234,1.188286713,1.185185185,167,2
"Université de Montréal",53.9,52.7,50.6,4.6,4.1,4.4,5641,5573,5350,22579,51802,77401,1.81,1.98,2.13,18.1,20.3,21.6,34.2,37.7,38.5,4,9.3,14.5,6272,6283,6016,3.599968112,8.244787522,12.86585771,0.899394133,0.886996658,0.889295213,159,2
"RWTH Aachen University",45.7,44,43.5,9.5,9.1,9.4,5818,5564,5448,23410,41424,69266,1.55,1.51,1.58,18.5,19.1,19,36.8,39.7,38.7,4,7.4,12.7,6084,5952,5775,3.847797502,6.959677419,11.99411255,0.956278764,0.934811828,0.943376623,127,2
"CentraleSupélec",54.3,54.3,51.3,8.1,8.3,8.6,2010,2061,1890,4058,9771,13734,1.22,1.27,1.36,9.3,10.9,11,30.4,30,31.7,2,4.7,7.3,1641,1637,1505,2.472882389,5.968845449,9.125581395,1.224862888,1.259010385,1.255813953,62,2
"McMaster University",51.2,50.8,50.6,4.5,5,4.6,5181,5106,4965,20737,49314,78100,1.97,2.04,2.27,17.5,20.7,20.7,32.9,36.9,35.9,4,9.7,15.7,4913,4842,4619,4.220842662,10.18463445,16.90842174,1.054549155,1.054522924,1.074907989,153,2
"University of Pittsburgh",36,33.7,33,4.5,4.5,4.7,9228,8874,8716,43541,89374,142523,1.97,2,2.26,20.4,23.5,23.7,41.5,43.5,44.2,4.7,10.1,16.4,9452,9242,9205,4.606538299,9.670417659,15.48321564,0.976301312,0.960181779,0.946876697,184,2
"University of Technology Sydney",63.9,59.6,56.3,2.5,2.3,2.7,4242,3503,3104,16873,26530,32949,1.84,1.76,1.64,19.1,18.9,18.9,42.7,41.2,40.3,4,7.6,10.6,2500,2181,1869,6.7492,12.16414489,17.62921348,1.6968,1.606143971,1.660781166,94,2
"Michigan State University",39.1,37.5,37.5,3.2,3.5,3,6315,6121,5807,25124,46961,68503,1.77,1.81,1.69,17.9,18.4,19,39.5,42,41.1,4,7.7,11.8,5954,5503,5145,4.219684246,8.533708886,13.31448008,1.060631508,1.112302381,1.12866861,130,2
"Aarhus University",61.6,58.7,57.6,5.9,5.7,5.7,6858,6716,6305,30831,59757,92263,1.94,1.9,2.04,20.5,21.7,22,41.7,41.7,42.7,4.5,8.9,14.6,6417,6207,5888,4.80458158,9.627356211,15.66966712,1.068723703,1.082004189,1.070822011,146,2
"Newcastle University",57.1,53.4,52.6,6.1,6.2,5.7,4468,4364,4082,20000,41909,56737,1.86,2.05,1.99,20.6,22.1,22.7,42.2,43.9,42.9,4.5,9.6,13.9,3873,3821,3681,5.16395559,10.96807119,15.4134746,1.153627679,1.142109395,1.108937789,125,2
"Technical University of Berlin",47.9,46.2,46.4,5.8,6,6.7,2996,2978,2804,9452,19708,27345,1.46,1.43,1.53,15.4,16.4,16.7,34.2,36.1,35.6,3.2,6.6,9.8,2621,2683,2543,3.606257154,7.345508759,10.75304758,1.143075162,1.109951547,1.102634683,89,2
"University of York",52.4,50.6,46.8,5.2,5.5,5.6,3043,2951,2916,10999,20000,37231,1.73,1.68,1.91,17.3,18.7,17.8,42.5,42.6,40.3,3.6,6.8,12.8,2489,2441,2401,4.419043793,8.193363376,15.50645564,1.222579349,1.208930766,1.214493961,99,2
"Polytechnic University of Milan",48.7,46.7,44.6,6.1,5.5,6.3,4619,4541,4244,13527,24540,35387,1.58,1.45,1.38,14,13.4,14.1,29.6,31.3,31.9,2.9,5.4,8.3,3632,3428,3312,3.724394273,7.158693116,10.68448068,1.271751101,1.324679113,1.281400966,84,2
"Hanyang University",32.6,29.9,29.2,4.7,4.7,5.4,4043,3854,3732,14637,36620,47530,1.17,1.43,1.37,18,18.9,16.5,42.2,40,36.1,3.6,9.5,12.7,4009,3748,3745,3.651035171,9.77054429,12.69158879,1.008480918,1.02828175,0.996528705,103,2
"University of Basel",67,64.3,65.4,9,8.1,8.1,4132,4093,3786,22449,41919,63117,2.11,1.99,2.14,23.3,24.6,24.4,42,44.6,43.5,5.4,10.2,16.7,4063,4065,4464,5.525227664,10.31217712,14.1391129,1.016982525,1.006888069,0.84811828,137,2
"Indian Institute of Technology Bombay",28.4,27.2,27.4,4,4.3,5.8,2808,2604,2312,7227,18046,16523,0.98,1.25,0.98,12.2,13.3,12.3,28.7,33.1,32.7,2.6,6.9,7.1,2923,2685,2446,2.472459802,6.721042831,6.755110384,0.960656859,0.969832402,0.94521668,67,2
"University of Lausanne",60,57.7,56.9,4.6,5.4,4.1,4085,3915,3739,16942,37871,49025,1.64,1.9,1.66,19.2,22,22.4,38.1,41.5,42.9,4.1,9.7,13.1,4048,3910,4451,4.18527668,9.685677749,11.01437879,1.009140316,1.001278772,0.840035947,120,2
"Cardiff University",54.9,51.7,51,5.3,5.1,5.2,4267,4008,3969,19027,40269,67323,1.94,1.96,2.16,19.3,21.7,21.3,40.8,43.6,40.1,4.5,10,17,3679,3347,3370,5.171785811,12.03137138,19.97715134,1.15982604,1.19749029,1.177744807,123,2
"University of Vienna",64.2,63,64.3,3.5,3,3.3,3619,3617,3430,13455,23882,41788,1.61,1.38,1.62,17.5,17.3,18.9,35.9,36.2,37.2,3.7,6.6,12.2,3174,3068,2985,4.239130435,7.78422425,13.99932998,1.140201638,1.178943937,1.149078727,103,2
"Emory University",33.8,32.6,31.1,5,4.9,5.2,6472,6303,6102,31218,66669,107148,2.18,2.14,2.4,21.1,23.9,23.4,39.2,41.8,42.1,4.8,10.6,17.6,6566,6478,6008,4.754492842,10.29160235,17.83422104,0.985683826,0.972985489,1.015645806,180,2
"University of Minnesota",37.2,36.4,35.3,4.3,4.3,4.7,10372,10119,9706,43465,85346,136822,1.79,1.72,1.82,18.9,20.4,22.4,42,43,44.5,4.2,8.4,14.1,9913,9490,9162,4.384646424,8.993256059,14.93363894,1.046302835,1.066280295,1.059375682,177,2
"Instituto Tecnológico de Estudios Superiores de Monterrey",48.5,48.6,50.9,1.5,1.4,1.9,1183,1085,810,3134,5254,5830,1.13,1.07,1.19,12.5,12,10.7,25.7,24.1,24.7,2.6,4.8,7.2,1313,1089,950,2.386900228,4.824609734,6.136842105,0.900990099,0.996326905,0.852631579,46,2
"Universiti Putra Malaysia",40.9,40,38.3,0.7,0.5,0.6,3377,3385,3242,6621,14849,21333,0.82,0.96,1.01,9.1,10.3,9.6,15.5,14.9,16,2,4.4,6.6,4399,4102,4088,1.505114799,3.619941492,5.218444227,0.767674471,0.825207216,0.793052838,66,2
"École Normale Supérieure de Lyon",58.5,57.1,59.1,4.9,3.7,5.1,1661,1562,1584,6409,12116,21050,1.38,1.33,1.58,18.9,22.1,20.5,35.3,40.8,42.6,3.9,7.8,13.3,1629,1607,1584,3.934315531,7.539514624,13.28914141,1.019643953,0.971997511,1,84,2
"Universiti Kebangsaan Malaysia",31.2,33.1,29.7,0.9,1.2,1.1,3580,3178,3181,7881,16626,20842,1.02,1.24,1.08,9.3,9.1,8,14.1,15.6,14.5,2.2,5.2,6.6,4219,3656,3678,1.867978194,4.547592998,5.666666667,0.848542309,0.869256018,0.864872213,65,2
"Hebrew University of Jerusalem",49.2,47.2,49.1,2.5,2.5,2.2,3447,3299,3257,11905,22630,34785,1.54,1.39,1.45,15.4,16.8,16.4,37.7,41.9,45.1,3.5,6.9,10.7,3610,3539,3398,3.297783934,6.394461712,10.23690406,0.954847645,0.932184233,0.958505003,102,2
"University of Bergen",66.3,63.9,62,6.4,6.9,7.4,3383,3265,3123,15540,33098,50285,1.99,2.19,2.39,19.9,20.5,22.8,41.1,41.9,40.2,4.6,10.1,16.1,2865,2855,2786,5.42408377,11.59299475,18.04917444,1.180802792,1.143607706,1.120961953,125,2
"University of Exeter",59,54.4,52.7,4.5,4.3,4.3,3572,3252,3015,17027,29335,42229,2.08,1.9,1.87,23.5,23.8,23.5,47.7,46.7,47.4,4.8,9,14,2645,2397,2256,6.437429112,12.23821443,18.71852837,1.35047259,1.35669587,1.33643617,112,2
"University of Barcelona",52.5,51.9,49.6,5.2,5.1,4.7,7698,7572,7126,36457,72767,102308,1.88,1.83,1.85,19.6,21,21.6,34.9,37.4,38.6,4.7,9.6,14.4,9248,8993,8657,3.942149654,8.091515623,11.81795079,0.832396194,0.841988213,0.823148897,170,2
"Universiti Sains Malaysia",36,35.2,34.7,1.6,1.5,1.4,3494,3455,2943,6895,17967,21878,1.01,1.3,1.12,8.8,9.1,8.2,11.8,13.3,13.7,2,5.2,7.4,4039,3949,3449,1.707105719,4.549759433,6.34328791,0.86506561,0.874905039,0.853290809,68,2
"Case Western Reserve University",33,30.9,30.3,4.5,4.5,4.8,4623,4550,4427,21886,45895,70199,2.02,1.95,2.13,18.6,21,22.4,35.4,38.7,39.1,4.7,10.1,15.9,5277,4966,4815,4.147432253,9.241844543,14.57923157,0.876065947,0.916230366,0.919418484,150,2
"Université catholique de Louvain",62.1,60,61.5,4.2,5.4,5.8,3298,3204,3186,15315,27561,45031,1.75,1.71,1.76,21,20.9,20.3,41.3,37.3,39.6,4.6,8.6,14.1,3079,3042,3017,4.974017538,9.060157791,14.92575406,1.071126989,1.053254438,1.05601591,119,2
"University of Florida",40.3,39.2,38.5,3.7,4,3.8,9502,9076,8439,33374,68498,99963,1.48,1.55,1.57,17.1,17.5,18,37.9,37.1,38.7,3.5,7.5,11.8,9449,8978,8402,3.53201397,7.629538873,11.8975244,1.005609059,1.010915571,1.004403713,152,2
"University of Tubingen",54.3,53.2,54.8,7.3,7.4,7.2,4375,4198,4238,19286,38139,62199,1.62,1.73,1.76,19.8,23,21.9,38.5,41.7,43.7,4.4,9.1,14.7,4567,4324,4268,4.222903438,8.820305273,14.57333646,0.957959273,0.970860315,0.992970947,126,2
"University of Freiburg",53.8,50.9,51.7,5.5,6.1,5.6,4389,4195,4172,19583,38927,59657,1.73,1.78,1.86,20.6,23.2,23.5,39.8,40.2,44.1,4.5,9.3,14.3,4723,4481,4338,4.146305314,8.68712341,13.75218995,0.929282236,0.936174961,0.961733518,125,2
"University of Rochester",39.7,38.8,35.6,5.7,5.4,5.6,3838,3622,3510,17704,35030,48656,1.94,1.92,1.87,21,23.3,23.4,37.9,41.2,41.8,4.6,9.7,13.9,3932,3627,3577,4.502543235,9.658119658,13.60246016,0.976093591,0.99862145,0.98126922,141,2
"University of Bath",53.4,50.4,46.9,4.9,5.3,4.9,2149,2200,1953,9145,19310,24272,1.61,1.84,1.9,19.1,21.2,19.3,43.9,44,42.8,4.3,8.8,12.4,1725,1667,1576,5.301449275,11.58368326,15.40101523,1.245797101,1.319736053,1.239213198,91,2
"National Tsing Hua University",43.8,40.7,39,3.2,4.4,3.6,2306,2359,2417,9168,21455,36679,1.43,1.58,1.72,18.5,17.4,18.9,42.8,45.9,48.8,4,9.1,15.2,2707,2765,2773,3.386775028,7.759493671,13.22719077,0.851865534,0.853164557,0.871619185,94,2
"Queen's University Belfast",62.6,60.2,58.7,5.3,4.9,5.2,2881,2836,2708,10976,25961,36983,1.71,1.94,1.96,18.4,20.7,20.7,38.3,42.1,40.7,3.8,9.2,13.7,2476,2420,2334,4.432956381,10.72768595,15.84532991,1.163570275,1.171900826,1.160239931,100,2
"University of Waterloo",53.2,51.7,50.5,4.2,3.5,3.6,4613,4409,4286,15799,33509,50089,1.52,1.62,1.62,16.5,18.2,17.6,37,39,39.3,3.4,7.6,11.7,3961,3687,3630,3.988639233,9.088418769,13.79862259,1.164604898,1.195823162,1.180716253,104,2
"University of Otago",55.4,53.1,52.8,2,3.2,1.9,3178,2997,2968,10212,23821,35530,1.57,1.83,2.04,14.8,16.5,14.9,35.1,36.6,35.6,3.2,7.9,12,2932,2810,2755,3.482946794,8.477224199,12.89655172,1.083901774,1.066548043,1.077313975,102,2
"Sant'Anna Scuola Universitaria Superiore Pisa",47.8,49.3,43.8,6.4,5.4,5,808,741,678,3147,4947,6479,2.08,1.58,1.58,20.7,18.1,16.5,31.6,36.2,29.1,3.9,6.7,9.6,589,595,572,5.34295416,8.314285714,11.32692308,1.371816638,1.245378151,1.185314685,47,2
"University of Bologna",50.6,47.4,47.6,4.5,4.5,4.4,6835,6695,6450,31086,58322,93715,1.85,1.86,1.97,19.5,20.7,21.4,34.6,34.5,35.6,4.5,8.7,14.5,6035,5934,5729,5.150952775,9.828446242,16.35800314,1.132560066,1.128244018,1.125850934,152,2
"Technische Universität Dresden",49.4,48.3,48.8,6.7,7.2,7.3,4940,4926,4918,21547,40775,62154,1.69,1.59,1.62,19.5,20,20.1,37.3,37.8,40.1,4.4,8.3,12.6,4996,4805,4828,4.31285028,8.485952133,12.87365369,0.988791033,1.025182102,1.018641259,133,2
"University of Liverpool",61,58.2,57.1,8.3,7.8,7.1,4562,4513,4176,22621,42337,64924,2.03,1.96,2.19,21.1,22.8,22.1,43.7,46.7,44.7,5,9.4,15.5,3784,3899,3399,5.978065539,10.85842524,19.10091203,1.205602537,1.157476276,1.228596646,132,2
"Indian Institute of Technology Delhi",18.1,19.3,21.2,2.2,2.3,2.7,2628,2538,2076,7143,12915,16944,1.21,1.05,1.14,14.1,14,15.3,27.7,28,32.2,2.7,5.1,8.2,2276,2110,1813,3.138400703,6.120853081,9.345835632,1.154657293,1.202843602,1.145063431,61,2
"Erasmus University Rotterdam",57.1,55.6,54.5,5.6,5.5,5.8,5644,5669,5333,26835,65892,93346,2.22,2.42,2.49,22.7,24,26.3,43.1,45,45.7,4.8,11.6,17.5,5397,5218,5052,4.972206782,12.62782675,18.4770388,1.045766166,1.086431583,1.055621536,172,2
"Indian Institute of Science Bangalore",30.5,28.6,27.5,2.8,2.4,2.8,3089,2850,2612,9448,15911,22144,1.12,1.05,1,16.6,13.9,13.3,36,36.7,36.5,3.1,5.6,8.5,3024,2889,2578,3.124338624,5.507442021,8.589604344,1.021494709,0.986500519,1.013188518,67,2
"University College Dublin",61.7,60.7,57.7,7.7,7.4,6.8,3702,3474,3380,16278,31054,45014,1.74,1.84,1.79,18.6,20.3,19.7,42.2,41,42.7,4.4,8.9,13.3,3410,3176,3117,4.773607038,9.777707809,14.44145011,1.085630499,1.093828715,1.084376003,113,2
"King Abdulaziz University",81.3,83.5,83.3,1,1.6,2,4652,4675,4725,30670,62657,82355,2.26,2.24,1.96,28,29.2,27.5,33.6,33.2,34.6,6.6,13.4,17.4,2798,2708,2538,10.961401,23.13774003,32.44877857,1.662616154,1.726366322,1.861702128,168,2
"University of Twente",56.1,55,52.3,6.3,7.6,8,2726,2555,2572,8320,17287,28011,1.42,1.5,1.56,15.5,17.3,17.5,37.3,42.4,41.1,3.1,6.8,10.9,2366,2246,2282,3.516483516,7.696794301,12.27475898,1.152155537,1.137577916,1.127081507,88,2
"Universitat Autònoma de Barcelona",54.8,53.1,51.7,5.3,5.2,4.7,7341,6973,6628,35572,65989,98642,1.96,1.81,2,20.8,21.9,21.7,38,38.8,39.2,4.8,9.5,14.9,8545,8072,7769,4.162902282,8.175049554,12.69687218,0.859098888,0.863850347,0.853134252,166,2
"Texas A and M University",41.6,39.2,39.5,3.9,3.7,4.1,9278,8933,8086,31560,60995,82220,1.59,1.52,1.45,16.5,17.1,16.9,35.6,37.1,37.6,3.4,6.8,10.2,8691,8377,7737,3.631342768,7.28124627,10.62685796,1.067541135,1.06637221,1.045107923,132,2
"Universidad de Chile",55.3,53.9,53.8,1.5,1.6,1.9,3152,3102,3088,9639,18240,27820,1.19,1.21,1.16,13.7,13.8,13.9,23.8,25.1,25,3.1,5.9,9,4211,4127,4008,2.289004987,4.419675309,6.941117764,0.748515792,0.751635571,0.770459082,85,2
"Stockholm University",67.1,65.1,65.9,3.5,2.9,3.4,3726,3500,3290,19472,34469,58457,1.94,1.9,2.02,23.1,25.3,26.3,45.6,46.5,48,5.2,9.8,17.8,2824,2862,2699,6.895184136,12.04367575,21.6587625,1.319405099,1.222921034,1.218969989,130,2
"Vienna University of Technology",60.1,58.1,57.3,6.3,7.1,7.5,2925,2916,2932,9768,17910,27297,1.59,1.37,1.42,16,16.4,15.6,29.9,32.6,33.8,3.3,6.1,9.3,2482,2342,2427,3.935535858,7.647309991,11.24721879,1.178485093,1.245089667,1.208075814,80,2
"Universidad Autónoma de Madrid",47.8,47.3,47,3,3.1,3,6496,6179,5849,31579,52880,82713,1.8,1.65,1.85,20.1,19.5,21.1,33.8,35.8,36,4.9,8.6,14.1,7606,7485,7211,4.1518538,7.064796259,11.47039246,0.854062582,0.825517702,0.811121897,146,2
"University of Aberdeen",60,60,58.6,5.2,6.7,5.8,2050,2250,2340,8574,26938,40584,1.84,2.59,2.45,19.8,23.3,22.6,41.1,45.1,45.4,4.2,12,17.3,1828,1872,1859,4.690371991,14.38995726,21.83109198,1.121444201,1.201923077,1.258741259,114,2
"Vrije Universiteit Brussel",62.7,60.4,57.1,4.5,4.1,4.1,2809,2638,2609,11252,21623,29722,1.69,1.7,1.64,19.5,20.7,19,40.8,41,41.6,4,8.2,11.4,2426,2337,2372,4.638087387,9.252460419,12.53035413,1.157873042,1.128797604,1.099915683,101,2
"Waseda University",35.2,31.9,30.9,6.7,7.2,8.5,2489,2441,2346,6346,13093,18575,1.14,1.14,1.17,11.1,12,12.4,28.8,30,29.6,2.5,5.4,7.9,2534,2419,2325,2.504340963,5.412567177,7.989247312,0.982241515,1.009094667,1.009032258,83,2
"University of Göttingen",56.4,54,52.3,4,4.7,3.6,4222,3975,3854,20982,34897,56302,1.81,1.63,1.76,21.2,23.5,25.1,41.3,41.6,43.4,5,8.8,14.6,4111,3853,3822,5.103867672,9.057098365,14.73103087,1.02700073,1.031663639,1.00837258,129,2
"University of Cape Town",64.8,60.7,59.8,4.4,4.6,4.5,3827,3699,3682,16414,32561,48984,1.97,2.01,2.08,18.5,16.3,17.7,33.9,34.7,34.2,4.3,8.8,13.3,3154,3101,3032,5.204185162,10.50016124,16.15567282,1.213379835,1.192841019,1.214379947,124,2
"University of Virginia",34.2,32,32.8,4.6,4,4.9,5323,5003,4667,24197,42148,70803,1.9,1.86,2.23,19.3,20.2,22.6,39.2,39.4,41.6,4.5,8.4,15.2,5058,4724,4485,4.783906682,8.922099915,15.78662207,1.05239225,1.059060119,1.04057971,136,2
"Keio University",22.4,22.2,23.1,6.7,6.2,6.9,3442,3379,3222,8661,20266,29425,1.09,1.19,1.19,11.2,11.9,13.7,28.6,29.1,32,2.5,6,9.1,3620,3657,3436,2.392541436,5.541700848,8.563736903,0.950828729,0.923981406,0.937718277,86,2
